row_id,prediction
1,8.738962688392856
2,7.0444401089770725
3,5.819916339410392
4,6.952691462311529
5,7.252301322797155
6,7.180814410954801
7,7.490682001936381
8,7.846220538033796
9,5.4914289786817285
10,8.28527670541866
11,7.152659389538993
12,7.0706616766197055
13,5.7742685385450905
14,5.978749272105613
15,7.572832042028033
16,8.327421859481136
17,7.757751688626033
18,6.202506539566581
19,7.022824709394179
20,4.91537231245686
21,6.828864789625417
22,7.610898160042282
23,6.769895034660607
24,6.859907353090486
25,5.772530077211421
26,5.788936311675318
27,7.059441609406697
28,6.738182006852076
29,8.033921883487036
30,7.67422787558802
31,7.413762208163444
32,8.183830049191005
33,7.551734754484125
34,6.648976639043216
35,6.784222777913611
36,5.1054083124476595
37,7.354028084159561
38,4.683792384915792
39,7.335583948744818
40,7.388951115510222
41,4.850906622925406
42,8.13512453474511
43,6.724933132730907
44,8.124698589208041
45,5.5756093915094596
46,7.291031073829458
47,6.8366240099602
48,7.04245147948933
49,7.127920944489404
50,6.541403956045027
51,7.762307693736592
52,8.081338911396447
53,7.322885424491126
54,7.84967269739176
55,7.189456823941608
56,7.847624479203441
57,8.285180463177268
58,8.398347799503329
59,7.045610805128064
60,8.07588049392572
61,6.631412723289493
62,7.256729131282196
63,6.177241340118989
64,6.747950379379043
65,8.185063448723385
66,7.89969765650944
67,7.597545562789483
68,7.220423564497718
69,7.103226460486217
70,7.25628409016592
71,7.218495253172412
72,7.070402630140817
73,5.233635890191657
74,7.6972375873111645
75,7.332758208529478
76,7.565361661962994
77,8.389778332773485
78,7.697284477258657
79,7.2353514982495994
80,6.658925313536466
81,5.020245686339246
82,6.716050165978475
83,8.028834208158113
84,7.712616319426278
85,7.723176025702291
86,6.760886675146825
87,7.8126654516924585
88,7.1501972558356055
89,8.120222324388598
90,7.7135871754679535
91,8.063080534971071
92,7.76863657251025
93,8.370282751663197
94,7.8276002372855835
95,5.72946739088998
96,5.596031128577568
97,7.407180262632274
98,8.145593436288275
99,8.291634097390645
100,5.597794893584085
101,7.606810758487358
102,7.737250984986002
103,6.035477308815718
104,7.681655569443871
105,7.324330534522593
106,5.646100067160864
107,7.07753042976829
108,7.138844109780511
109,7.719288691258436
110,6.958624278110131
111,7.927324191691284
112,7.320817824200391
113,7.760625433935607
114,7.7270103737321705
115,7.8865708020560295
116,7.546143463989013
117,7.354041255681681
118,7.879421247686613
119,7.89268405971176
120,8.431607541072072
121,8.178390883968598
122,7.394071297758503
123,6.967564743561896
124,7.924772207142922
125,7.097416476902829
126,8.246444741012048
127,7.111569921416436
128,7.365654212647756
129,7.648046059082349
130,7.1602795291255745
131,7.693785714538976
132,7.55219990278311
133,8.258883775281078
134,7.871999445776982
135,8.916221208935754
136,8.417374107550456
137,5.009852542206248
138,8.367613703181156
139,8.235278450447867
140,4.737099900835803
141,7.937108020122164
142,7.868975596858347
143,7.138083666468454
144,7.2649897671729775
145,7.741892010880999
146,6.531522692768437
147,7.48247859361631
148,7.751315064661428
149,8.00151559868013
150,8.066968226273211
151,6.021201087641398
152,6.868933939837639
153,8.392597191717492
154,7.645525502689297
155,7.946932197149604
156,8.491253263857761
157,8.36683829830417
158,7.0437214442098846
159,7.425821103297693
160,6.222869399095131
161,7.68935401647477
162,7.040266064782642
163,5.352179678901283
164,7.518999748423525
165,7.530532362684809
166,5.811629786086849
167,6.665450125093576
168,6.295565959471494
169,7.875318825158828
170,8.710504785212581
171,6.656459024962137
172,7.781850460331718
173,6.717970981112401
174,8.052024653199009
175,6.644592036611899
176,7.572283095769897
177,6.821321219512564
178,6.943440184279449
179,6.751345040738727
180,5.929236960081413
181,6.665577763204469
182,7.510108186713106
183,7.447624918060134
184,7.723774813499853
185,8.332242744990031
186,8.316737378637269
187,7.717456422271226
188,7.289011635145554
189,7.574994983253637
190,8.107310862491946
191,7.721040148364329
192,7.866955055008521
193,7.675924933513931
194,7.967169214697721
195,7.141443673220429
196,7.570771418386563
197,6.811347748194807
198,8.052192645641426
199,7.8663683907864765
200,7.717323226490198
201,7.54371300095676
202,7.796615782045526
203,7.960672916351983
204,7.554469155597417
205,6.294676705863608
206,8.25462897178516
207,6.8628481755001545
208,8.374914216486914
209,5.195888818145306
210,7.625930849223641
211,7.702202126294797
212,6.725546729718921
213,7.2806923829777155
214,6.917416281573228
215,7.7803489517299305
216,6.814464019020997
217,7.118131789064467
218,7.876319127277311
219,7.536431996462131
220,6.958972116205894
221,7.141192079416609
222,6.318315558562908
223,7.514132993662324
224,7.923392130789717
225,7.0143221028883005
226,7.026039682005905
227,8.084796145550914
228,7.825747770473717
229,7.596824951759595
230,7.933917861146698
231,7.252575274967898
232,7.497522922247862
233,7.2978832732358025
234,7.994630963973725
235,6.464204721523405
236,7.640519562946096
237,7.643219005729103
238,8.014607965984183
239,6.069156167453057
240,6.545102119780399
241,6.798840736694917
242,5.751817766688175
243,7.446026806280587
244,7.289000133240007
245,8.070435396813096
246,7.050793394744202
247,6.6421830241779
248,7.564020142789996
249,8.374604553180912
250,6.495308609338384
251,7.439836996485623
252,7.725659803765886
253,8.023748194005845
254,7.797630553682543
255,7.728549556313551
256,6.770093759866501
257,7.074880112532778
258,7.246374632933168
259,7.552107411782492
260,7.87574454693657
261,7.683004165638568
262,8.703656315822112
263,5.525818370609024
264,7.606739665305776
265,6.645957953840815
266,7.66737292938334
267,4.741255879993711
268,7.519559593993435
269,5.709200790502866
270,8.194944295685167
271,6.877892787862827
272,7.864374505669016
273,7.98938577455179
274,6.77367909023123
275,7.4621480340981154
276,7.421039147091792
277,8.518207117909382
278,6.588332205436288
279,7.711623972438781
280,7.965653661685355
281,8.312088570501535
282,6.764775107300473
283,7.244768133288373
284,7.424537498947201
285,8.23817003501523
286,7.593646058043889
287,7.964923384641981
288,8.223964234206813
289,7.136683474055866
290,7.544427181529562
291,7.3473609616543865
292,7.093502931786524
293,7.460394094189704
294,8.264528327549886
295,6.963359040118236
296,7.408480306459019
297,5.386500641253518
298,7.508318859762097
299,7.047271948826994
300,7.336374802771061
301,7.185477473939347
302,7.501318270381189
303,7.219327623968649
304,6.553345619621496
305,7.861616071333048
306,6.956549052465643
307,7.375040013805625
308,7.541524149477867
309,6.31275893854918
310,8.31159139573607
311,7.150449719252727
312,7.180574028634378
313,7.576674638189246
314,7.0401574242005704
315,7.381935539870502
316,6.63235332234359
317,7.694596096604059
318,7.713720322229905
319,6.644890526103744
320,8.00563096704844
321,7.450086720206908
322,6.660284298880956
323,7.360654624146765
324,7.828751722471885
325,6.7351884584236466
326,7.789574137592496
327,7.219892441867797
328,5.718568490665408
329,7.174765832240782
330,7.093909002250335
331,6.912542893160122
332,8.237454468886437
333,6.574174281864348
334,7.288782274700724
335,8.872161167299128
336,7.737288790642493
337,7.181630344666809
338,8.308585251045615
339,7.724378278611436
340,7.143771657439672
341,7.878551192221147
342,6.622134817284923
343,7.701745145024255
344,7.059444591961524
345,6.3181242574191305
346,6.5675703222693365
347,6.67500209101377
348,7.683838667164647
349,6.669154062800109
350,8.521384757283082
351,8.376800758190797
352,8.28006542758841
353,7.0845440518091625
354,8.441816573842754
355,5.578598732171047
356,7.958894749921155
357,5.256799134147407
358,6.9491470470513015
359,7.506268175093322
360,7.83654735884971
361,5.433370567440891
362,7.808515753594268
363,5.94015887894043
364,7.274226076781957
365,8.355269918156552
366,7.292829544762748
367,8.283977959815664
368,5.550951467466968
369,4.780389196384403
370,7.753965692410526
371,7.475001483225302
372,8.052779800926356
373,7.614538935544148
374,7.530178442031241
375,7.636582882627771
376,8.341646833705918
377,7.318897685364991
378,7.071710127871775
379,7.18202772019759
380,7.297712143250058
381,7.861278591155848
382,7.198389874076774
383,7.387847154628901
384,8.338072243959093
385,7.689630331636632
386,7.687326867427087
387,6.515903489358539
388,6.318120214228063
389,6.781447259821345
390,6.981342052253886
391,8.180713611718708
392,7.6957492279988795
393,7.580749461351811
394,7.779542208988278
395,6.5242010018297325
396,7.561876703993137
397,7.706928826960752
398,8.228958159598937
399,8.789199574002257
400,8.318592057684505
401,4.776909078387691
402,7.022160418163423
403,7.901842824035485
404,7.5339455139677
405,7.894381481545198
406,7.282713361706282
407,8.255766646917614
408,6.636029102275009
409,7.918453336483987
410,7.820559465548927
411,8.895552819811503
412,8.23056195346361
413,7.155428701307315
414,6.925322444696356
415,7.237684918918312
416,4.8409180222964
417,6.954945659196866
418,7.284459972045251
419,5.123673308518605
420,7.72128692728986
421,8.38527014610008
422,7.201669761756074
423,7.229324007587989
424,7.717255470320321
425,6.544021721859986
426,5.6294661766931
427,6.725170772295904
428,7.6837842390703734
429,7.7115520967731115
430,7.953638367542801
431,7.9818119581573175
432,7.216214059183491
433,7.198589098723788
434,7.598597135814588
435,7.574594709376617
436,7.5812482476524305
437,7.60626839734565
438,6.456254655612685
439,5.956151544005204
440,7.115077665520651
441,6.786080292680403
442,7.195872246412392
443,6.812383367834759
444,7.726672813631506
445,8.336183461158509
446,7.108191546929209
447,7.613032346834659
448,7.501314102581638
449,6.9918579752915875
450,7.61986497538757
451,7.269066621727623
452,8.507655487363031
453,7.277523016857813
454,7.342585036975029
455,8.263254252842454
456,7.134742675203649
457,7.7167897268980195
458,7.500982241148471
459,6.88164786044576
460,7.981520261415271
461,7.5200971289878105
462,5.53872812204453
463,7.760015052802489
464,7.877377486101427
465,7.42863324176836
466,7.585640377314812
467,7.0811073724379625
468,7.294164544842047
469,7.342557604655475
470,5.898956332168957
471,7.948001863597845
472,8.431360227607705
473,8.326135310661764
474,6.74230590641891
475,6.894419319913958
476,7.188499742519493
477,7.239805212244642
478,7.809689733288225
479,6.717891286445564
480,7.315265564091101
481,7.341973760849678
482,7.521070900388221
483,8.157738419941026
484,5.9765237501858035
485,8.987144856088197
486,7.330880739486227
487,7.742962354467046
488,7.120221994862529
489,8.326234819140595
490,5.596481557158727
491,7.992109365656036
492,7.022438572185608
493,5.660536988504038
494,8.566054671525041
495,7.696778702410839
496,7.210833992976102
497,7.422206361466937
498,6.714337205891701
499,6.720158014098933
500,6.707724961486351
501,7.2366655689378145
502,7.5501217559105385
503,6.685795407313474
504,6.750420705924293
505,5.682824865606255
506,8.44466817274244
507,8.423184098642313
508,6.6019475766925915
509,7.091851722244494
510,7.535350215937795
511,7.822737885924965
512,8.193798774913734
513,7.4094511335800455
514,7.873207104449653
515,7.686590150357915
516,7.13057735906877
517,7.743809498941978
518,5.590947438543939
519,8.385046748188769
520,7.439615933068298
521,7.828455374687072
522,7.14064019205043
523,6.9405020575437515
524,7.758937174927734
525,7.035180054646716
526,7.851903663326752
527,8.8535615238131
528,6.713316575182851
529,5.128867450543524
530,6.971555084358068
531,6.991632633078165
532,6.618242305523513
533,8.192532002737495
534,7.354959733091363
535,7.3096946471896125
536,7.867859294839118
537,5.075774160714435
538,8.42185338425002
539,7.116773319511232
540,8.073351832353344
541,8.167367977053523
542,8.802236069862625
543,7.494601309066127
544,7.920942839115419
545,7.0608934197690925
546,7.20675640158457
547,7.727054958542768
548,6.2774778524716535
549,6.829117879043199
550,7.220061289967072
551,6.552774443805323
552,7.677768914999298
553,7.324396095352599
554,7.737266115431977
555,7.851707225723757
556,6.719847372743143
557,5.283201335129164
558,7.040480553400858
559,6.770127806092685
560,7.33367806511764
561,7.919135692539536
562,7.844911292450343
563,7.932601059642277
564,7.6951063004980575
565,7.726176261218571
566,5.646037075415073
567,6.809706939815383
568,7.540519256717012
569,8.355146892987955
570,8.325697889047786
571,7.309065410929081
572,7.049020848055074
573,7.372710902321076
574,5.781233073966272
575,7.122327856726425
576,8.301692698156602
577,5.694901049323164
578,7.1505761064338405
579,7.172651032085598
580,4.848821587208276
581,7.623558147380789
582,5.450628149361762
583,6.856815473541335
584,7.565187804004509
585,5.6071948444081965
586,7.23368399687023
587,7.1487347543489435
588,4.853707362271935
589,6.764409606031345
590,7.4187638075483076
591,7.630535473415927
592,5.335292026500481
593,5.686232345741258
594,7.4007092155739205
595,7.689371764193599
596,7.052841028799861
597,7.357266984719132
598,7.131428297376628
599,7.020201393676835
600,8.053525405125965
601,6.558154363051507
602,7.122466260046716
603,7.440923192290439
604,7.154782148341292
605,6.9952753130394285
606,7.136344403734892
607,8.428096957766396
608,8.079935033524615
609,7.237224615243996
610,7.424916997138073
611,6.708500902321635
612,4.993462817630114
613,8.187244965726125
614,7.334237101929952
615,6.752754354527271
616,7.789942455653119
617,7.655283688847485
618,7.076909343839418
619,7.868368562094906
620,7.789135984780184
621,7.316791460138054
622,7.475041006929839
623,5.339828300561276
624,7.284720281284242
625,7.753283510343923
626,7.012507699657444
627,7.926792112620143
628,5.71012036194859
629,8.034758938651258
630,7.617567835044277
631,5.093323136612936
632,5.051277762622048
633,9.082572864605606
634,7.397732242278444
635,6.743119198753147
636,7.010505885058613
637,5.645414132191162
638,7.954943725769393
639,7.126873934104653
640,7.5180466391436855
641,8.68767232813809
642,5.658577286396882
643,6.687837582727665
644,7.5520757964791
645,4.8436687927392885
646,7.71074230953524
647,5.986699127271304
648,5.958172283996722
649,7.098059977115668
650,7.241892707318868
651,6.843474617992511
652,7.277235077037874
653,7.305330961638868
654,7.163695213388976
655,8.183279447943574
656,8.10684094642988
657,6.333320758869938
658,5.785112565972696
659,4.773339637832988
660,8.428781871964649
661,8.133239461892607
662,7.709205099477506
663,6.531318615009308
664,6.510209105391791
665,7.9036928659608705
666,7.584604689031217
667,7.701690554804269
668,7.311302697548609
669,7.301495698266983
670,7.435419112629354
671,6.555670403252124
672,5.82729751316745
673,7.855546982462926
674,8.262449946229298
675,5.400825819604131
676,7.38208684721889
677,7.4119952443427675
678,7.569656454969918
679,5.262007564223847
680,8.409900161498587
681,8.224882865952448
682,7.531689424992326
683,8.180495195821898
684,8.40163253680099
685,5.03485295045421
686,5.797838107542013
687,7.114887344292862
688,7.9496571920637304
689,8.274643196839692
690,6.875498088085344
691,7.128127557142582
692,7.135149367115568
693,7.714491108813069
694,7.456942375951591
695,7.212936798447757
696,6.962363477583846
697,8.885656906176823
698,8.100125744383892
699,6.7337119315433664
700,6.005273016679849
701,7.244108802788565
702,7.150998162820864
703,6.689164990594579
704,7.241040366565514
705,5.9928887924712235
706,7.647021630172748
707,7.199467601902656
708,7.964012459666412
709,7.648768971859905
710,8.149450633811135
711,6.893615839746374
712,7.512350543477375
713,7.48544363675707
714,7.1641576165039424
715,7.679102376035139
716,5.77451574773923
717,6.582675928033009
718,7.7708633562223195
719,7.397562944324337
720,7.57232179363554
721,7.070318834406143
722,7.505930407289693
723,8.415451199897566
724,8.543255074611118
725,7.2830939047066785
726,8.314897006884678
727,8.036646355309284
728,7.3865757889103705
729,5.7223334885340496
730,7.960756020078662
731,7.803532687884184
732,7.5620735845456135
733,7.635100879371599
734,7.099265989635196
735,6.906054993635191
736,6.680548546498208
737,7.300365053534513
738,7.766243958377396
739,7.749227099249882
740,7.402623264499265
741,6.888389261709552
742,7.270492983746291
743,8.209443411834988
744,6.429338298719127
745,7.383318611567903
746,7.84728430759961
747,7.3686330848227986
748,5.459094118210286
749,7.856250935232396
750,7.788929782485113
751,8.16621630854182
752,7.148405376563506
753,7.573696358640264
754,8.563861884208535
755,6.246542974468364
756,7.131299088565873
757,7.166669824056649
758,7.769591198213705
759,7.127912085914682
760,7.345166676447944
761,7.223364158252004
762,8.440673355170267
763,7.195615100211203
764,8.722390088502872
765,7.906616287154105
766,8.236990691120889
767,7.577339574514177
768,7.328926731241692
769,7.7872236735711375
770,8.647127298334912
771,7.947571774808894
772,8.107159673296373
773,7.521774052350164
774,7.2446159026152905
775,5.539853031161428
776,8.30593531318095
777,6.413483550669428
778,7.852681038405208
779,7.5101098099490535
780,4.760589945555676
781,8.232417285027893
782,6.688555773191725
783,8.455904269162954
784,7.923827116762244
785,7.114634095884471
786,6.734483772962362
787,5.682479796847918
788,8.470281485595569
789,7.459959752629981
790,7.688129936460761
791,7.270956478057075
792,8.128545114096106
793,7.746736925458563
794,7.238217307091764
795,7.634761648583513
796,6.9931117256853295
797,8.304926802684223
798,7.18559370087732
799,5.096628666787005
800,8.265560473925103
801,7.1480671893822105
802,6.930835364961439
803,6.843299816414607
804,7.625294601436039
805,7.327332422069119
806,5.798571532490632
807,8.501460955833142
808,7.866251246545859
809,6.709148868482362
810,8.394007212904365
811,8.202701259360051
812,4.975449149345682
813,7.872405484647112
814,7.576640046199119
815,5.927477800220609
816,7.6290417851986625
817,7.726201756828408
818,7.47489001869981
819,8.164963771163013
820,7.938952148670742
821,7.4139714619740325
822,8.504032293225318
823,7.81160614827772
824,7.6670267086112975
825,7.1097446084067055
826,7.091780391757425
827,7.532375082765274
828,8.114237097764613
829,6.6517740849094285
830,8.950066387191809
831,7.002833350043495
832,5.429036280879302
833,7.190181945845399
834,5.319821700471882
835,6.826053364027077
836,7.520637037027896
837,4.828786805039915
838,8.28452493708659
839,7.96480926850586
840,7.438066206880073
841,8.274639056440048
842,6.925917771646624
843,7.948384489157075
844,7.013944337145261
845,7.848601646044809
846,8.18488611530484
847,8.297584566306599
848,7.569168774721533
849,7.617463590202117
850,5.4156673051361075
851,7.444163871732503
852,6.979216457242297
853,7.346237128973263
854,7.294316764522927
855,7.8406922893972535
856,4.855316654938957
857,8.234612321496305
858,7.2167672196283466
859,7.635232972595745
860,8.586042770128987
861,7.833929977887935
862,7.688660101535653
863,4.790920735016369
864,7.72548135073961
865,8.064369826457906
866,6.473648113962856
867,7.153355938956263
868,6.624063700825076
869,8.182194272991104
870,4.748113569301225
871,7.115562999202977
872,4.761366036685985
873,7.495330309239334
874,7.345182250053469
875,6.567496994040077
876,5.728765046229675
877,7.807447723727751
878,7.661684542403291
879,8.153520057383258
880,7.933411822910545
881,7.5286340677965065
882,7.16854477705332
883,5.273593289249954
884,4.99111805157631
885,8.291052422054301
886,7.269799169089039
887,8.95497254370273
888,7.786695434005301
889,6.430539194223414
890,7.241777713009254
891,7.590874113643736
892,6.597821890018551
893,6.577645129571836
894,8.518011771788123
895,7.062490367040992
896,6.981255494631574
897,7.924930205042738
898,7.544262977200988
899,8.121982786342626
900,7.860190981969151
901,7.768137044238449
902,8.430903111307574
903,7.891418626984532
904,5.6093277503791565
905,7.730926192843832
906,7.990865504029166
907,8.35308313896424
908,7.976405201756812
909,8.406594342393182
910,6.214395206340196
911,8.417812315048018
912,7.035679529169617
913,8.533344125613876
914,7.264250050629821
915,7.278311600133202
916,7.638791391677907
917,7.335894834022634
918,7.1499450424385955
919,7.852081460747911
920,8.278013092778318
921,6.689025343745975
922,5.840963978156688
923,6.519406427622819
924,8.08577792425541
925,6.9946199387308
926,8.023306773508981
927,5.127035553647385
928,7.596481422537568
929,7.362448108293281
930,7.564782446055004
931,6.831077191627138
932,7.840704330067487
933,8.351603745047044
934,7.222397533874098
935,8.593501664015424
936,5.889781827836867
937,8.55371886556217
938,7.790418122082274
939,7.719017282980509
940,6.849619468872566
941,7.264614568954578
942,8.385978574981959
943,6.585087186416011
944,7.192538004227055
945,7.866335237604275
946,8.42913127649797
947,8.254106979835921
948,4.808532137241125
949,5.124207386191259
950,7.052339532612461
951,4.579729919704395
952,6.76335854533081
953,5.642684679287763
954,4.767961385308128
955,7.572679352958181
956,5.982266208605717
957,7.106311127423782
958,7.796484925248441
959,6.522569586030837
960,6.625217551513252
961,7.718995079569341
962,7.61081831758654
963,7.719201956235713
964,6.771140502281643
965,7.086038776230513
966,7.246658959630011
967,5.2708792801383595
968,7.286551087859301
969,7.035341602384916
970,6.715887608759079
971,6.93358029746725
972,6.789042571322629
973,8.048204037407434
974,7.905008469009111
975,8.525145645680356
976,6.845420143396645
977,5.872756492377487
978,7.680660093043258
979,6.8223580167225215
980,4.755065914872915
981,8.446044418894605
982,7.703168154592486
983,8.438946242797606
984,5.369719138134585
985,7.227061044078594
986,7.763250653953561
987,4.6379122166782025
988,8.161515513542156
989,7.206144499870216
990,6.734952952295448
991,7.5764327211565
992,7.296435577637183
993,6.96270884370788
994,8.437605524295057
995,8.653030980520779
996,7.7720960467468245
997,5.468175998588725
998,5.667668034266148
999,7.721582113233287
1000,7.577302096699434
1001,7.120948038335932
1002,8.124356391842928
1003,8.224823602346854
1004,5.239870548688023
1005,7.553453846889585
1006,6.304770619526588
1007,8.515303799127087
1008,7.03041335040553
1009,8.244666171315677
1010,7.413563885985132
1011,7.556741326417555
1012,7.592923552757227
1013,7.340496684686656
1014,7.779616752553844
1015,8.487192765450313
1016,7.2865652762502116
1017,8.72503760835613
1018,7.596058324961602
1019,6.4236270521591265
1020,7.5084085970544905
1021,7.698332358344015
1022,7.532320231337032
1023,7.254902896130641
1024,7.875798343216779
1025,7.687305146276131
1026,8.313031364157862
1027,8.457212698047151
1028,7.044635778339728
1029,7.239484689637118
1030,6.716704453849413
1031,5.385669991908994
1032,6.7460466083291095
1033,5.306859176103918
1034,7.544191460792048
1035,7.287155119026604
1036,7.980615057744455
1037,8.34138510919983
1038,7.09979348627447
1039,7.779219919354693
1040,8.458595743294063
1041,7.344553767671837
1042,7.735007751050556
1043,8.203767177692598
1044,7.5579884078918855
1045,7.840650222162331
1046,8.431321903650131
1047,7.333991669972436
1048,6.758571625168228
1049,6.9668838890178435
1050,7.764948499130396
1051,7.4570613528529535
1052,6.845249024508931
1053,8.217056497618664
1054,7.380103708242141
1055,7.442173044427003
1056,7.722889698959012
1057,7.911707680187362
1058,7.770412408766548
1059,8.37975113687541
1060,5.658712970684226
1061,8.262729065430104
1062,5.267244342898746
1063,7.937809249412107
1064,7.890756551309538
1065,7.957201315780964
1066,7.988877717602039
1067,7.387500938435956
1068,7.751341874433708
1069,7.242971939075707
1070,8.466380701356547
1071,8.755303074542475
1072,7.800210472175582
1073,5.332338131225306
1074,8.33525762113224
1075,6.148164453255228
1076,7.8755321564648835
1077,8.281237074406516
1078,6.801227746100672
1079,7.646890172041234
1080,8.038246448652
1081,7.7229235356245525
1082,6.084585467824352
1083,7.80194975182914
1084,5.998028507059775
1085,6.91875854798559
1086,8.621856899918427
1087,5.948218073100914
1088,7.760036495388855
1089,5.9352630162159095
1090,6.686403358470665
1091,6.179491303643486
1092,7.475885608132202
1093,7.364897817289265
1094,6.813779561384326
1095,6.685416051642145
1096,7.935001554350215
1097,7.0092169727085505
1098,7.4518998172618875
1099,7.675505335479697
1100,7.798434842061466
1101,7.128080973534221
1102,7.671337224093417
1103,7.9280451998774595
1104,7.3123946943477875
1105,6.579712086297688
1106,5.966992235831999
1107,7.311188302081888
1108,6.234583628040053
1109,7.3266889116064196
1110,8.244572340010862
1111,8.21031986083033
1112,7.6278500502231115
1113,7.458831809322774
1114,7.39666018166368
1115,7.98834032493806
1116,4.875885852761376
1117,7.867785309205583
1118,8.066823711333402
1119,8.324403152779546
1120,5.139050090656086
1121,6.9705019967945745
1122,5.2043103678037035
1123,6.711363393132075
1124,5.525489866599585
1125,7.838805762730297
1126,7.034833192319235
1127,6.65627366336947
1128,7.280813610279857
1129,7.297849337822395
1130,6.872607373797173
1131,5.652482895332058
1132,7.501740133135675
1133,7.85897181598474
1134,4.88850431112553
1135,7.061984756629492
1136,7.870847079745108
1137,6.9226677396046945
1138,6.748130831556386
1139,6.670081110117039
1140,7.44141103910421
1141,6.68834735113224
1142,6.246095624620482
1143,7.574246793489515
1144,5.628482323707326
1145,8.40031571706881
1146,7.429496825275379
1147,7.16678855034286
1148,6.984599672641879
1149,5.05214741740426
1150,8.939421095724304
1151,8.151351305109676
1152,7.737862981096763
1153,6.491576416225609
1154,7.953130366418353
1155,8.203466018677014
1156,7.044640363050496
1157,7.651776369318959
1158,7.302325526299889
1159,8.117711719044298
1160,7.127733148611959
1161,6.962438432160434
1162,7.127235925283049
1163,7.791330107821766
1164,8.297106262650399
1165,8.578929567674134
1166,5.756125229953964
1167,5.686189943196126
1168,6.922951703210318
1169,5.308127164829754
1170,6.7998633064976755
1171,7.206433337459899
1172,8.466383991774544
1173,8.456528491107498
1174,7.666018531782861
1175,7.009304751428921
1176,7.681252817594128
1177,7.7796922323503725
1178,7.10358341131386
1179,7.762534969925666
1180,7.528799336518164
1181,7.4702048455366015
1182,7.079904759991148
1183,8.299533123248686
1184,7.968230796349527
1185,6.920718716747054
1186,7.57336030218503
1187,8.268166958851745
1188,8.049524194565606
1189,8.774182944909253
1190,6.604041437773223
1191,7.158374253299355
1192,8.854380215395032
1193,7.080203076979515
1194,7.191485475298652
1195,6.8670252656847275
1196,7.6489746239365655
1197,7.056545485991034
1198,7.527964277115975
1199,7.5465880857489935
1200,7.339064539488865
1201,7.59072001998436
1202,7.255137912992684
1203,8.092420076621652
1204,8.369673487526502
1205,8.434342490369154
1206,7.409760779150961
1207,5.361251904020913
1208,8.136737981902934
1209,7.114538507787742
1210,7.281761319343307
1211,6.971316527488272
1212,7.456315284665372
1213,8.549751161026228
1214,8.23917232853344
1215,5.841004503112458
1216,5.346845218850435
1217,6.697668455037869
1218,5.317436896407036
1219,6.923688144773433
1220,7.13988330728475
1221,8.246544073086117
1222,6.527068693658775
1223,8.059016955106369
1224,7.7736846214684245
1225,7.795629779269644
1226,8.062500001976202
1227,7.188385337103011
1228,6.647705571490427
1229,7.4893272295285644
1230,7.605191574585422
1231,7.618682836841693
1232,6.94335148375702
1233,8.179108661137676
1234,6.784245438166257
1235,7.444453525261986
1236,7.162706235556302
1237,8.283076096663041
1238,6.9317768889343565
1239,7.935426245435442
1240,7.390238589558232
1241,6.806661723333081
1242,7.873775008235166
1243,7.203661305200155
1244,7.351982624938163
1245,6.751362241624712
1246,5.8427586476224675
1247,7.18383409917611
1248,7.438111349463698
1249,7.189742961110072
1250,7.528479716290562
1251,5.021555720672131
1252,8.247402104987115
1253,8.276116910731409
1254,7.07182630503592
1255,7.885400767792024
1256,7.754574712264144
1257,8.046178581070343
1258,7.9658805870886304
1259,7.634861056336577
1260,7.609357744221306
1261,7.902501705889321
1262,8.376505674937617
1263,8.198991671352113
1264,7.229072602063653
1265,7.563488477317028
1266,6.744212369452168
1267,7.674579945188796
1268,8.019344865457233
1269,7.7454238683607635
1270,7.36611311474093
1271,7.146551418186572
1272,7.354721780521011
1273,7.652279954979807
1274,5.214007313555435
1275,7.230901102617107
1276,7.445506002767303
1277,7.119838802488234
1278,6.732499070553166
1279,5.739586573339476
1280,7.913308297699821
1281,7.182298396162077
1282,6.822468871420314
1283,6.077991397134978
1284,8.206046677047688
1285,8.531556525011268
1286,7.426696197539837
1287,6.734615012216157
1288,6.206930815175808
1289,7.822663695174352
1290,7.255624025776083
1291,7.373122220755215
1292,7.913905049939224
1293,7.2988195884065625
1294,5.124742934549184
1295,7.204526799983736
1296,7.374248492772928
1297,7.318241814638553
1298,8.10279325419937
1299,7.241236822109862
1300,7.859109749122661
1301,7.669987483535081
1302,7.955845767797433
1303,8.397375178962351
1304,7.245523666566278
1305,6.791311162062838
1306,5.460961120511991
1307,6.512082431310175
1308,6.7203986655415875
1309,7.285741367992017
1310,5.159415232339111
1311,8.266039402832762
1312,7.105864656888947
1313,7.051992608982928
1314,7.375933387066425
1315,7.21123193740854
1316,7.180497219117454
1317,7.006634586846687
1318,7.8305767400224795
1319,6.373828870292979
1320,7.940566589295711
1321,7.982966732002806
1322,7.77872549716451
1323,8.14936300275462
1324,8.31175128635326
1325,6.66773978699009
1326,7.570762870791421
1327,7.6198459221633
1328,7.521583138396922
1329,6.586737950627207
1330,6.925046799489115
1331,7.142337291898709
1332,7.7578911137631685
1333,5.204840317953067
1334,5.626887814778504
1335,6.691125411327755
1336,7.396490593957381
1337,7.62215083918392
1338,7.4518455426536025
1339,8.590994611685481
1340,8.35039562274802
1341,7.642138769951876
1342,7.762131088610277
1343,6.970916322313368
1344,8.368207708081327
1345,8.800304303044609
1346,6.586796227758022
1347,7.482735500594968
1348,7.486872753800306
1349,8.468670830169959
1350,6.800796823521129
1351,8.214416595142856
1352,6.117655178967752
1353,7.146934728678124
1354,4.839750177910828
1355,6.885448291247194
1356,5.057226110080631
1357,7.042487770482682
1358,7.960924808514914
1359,7.444377276276285
1360,7.314938201933092
1361,8.213600385627924
1362,7.8387887338033355
1363,5.3882115700722135
1364,6.7738663117507105
1365,7.661700664639474
1366,5.943707390134943
1367,7.029170957644386
1368,7.771133603029504
1369,6.425155051886989
1370,6.948088917172912
1371,7.671349694020057
1372,7.689719350931096
1373,6.8223574557523605
1374,6.784489029435502
1375,7.632784775471986
1376,7.0857482407369545
1377,7.506479211773717
1378,8.112626528311168
1379,8.018192449608321
1380,5.970983566347339
1381,7.844818211826624
1382,7.9283887919829965
1383,7.520460245419994
1384,5.706720389904543
1385,7.685810859131987
1386,7.780372031518983
1387,5.414750388152751
1388,5.776002923741483
1389,4.649827085299968
1390,6.525574462808173
1391,4.890833853145848
1392,5.629675851336973
1393,7.67618897157735
1394,8.099334774770622
1395,7.337370503147987
1396,4.7871978939956445
1397,6.4617817262154595
1398,7.875339935298435
1399,6.961138702708087
1400,7.024215034427106
1401,7.07979374245159
1402,6.854737429922318
1403,6.931714887150317
1404,6.915620225343446
1405,8.568175128104258
1406,7.50791285106453
1407,8.118666258264648
1408,8.338162973648936
1409,8.379599505999767
1410,7.245715375399646
1411,7.04977996438145
1412,7.715340167391702
1413,7.288083703915769
1414,6.862325346237878
1415,7.216689729344857
1416,8.055825769943562
1417,5.269710992261091
1418,7.19041331729173
1419,7.854373529214438
1420,7.552293627151837
1421,7.714076117382829
1422,8.295537310955432
1423,7.019407270300164
1424,7.4398073888816825
1425,6.997278483233417
1426,7.364594493897544
1427,6.818339077722571
1428,6.255063011914631
1429,7.17556867193553
1430,6.488324265658498
1431,7.50876665617932
1432,7.592761539031256
1433,5.53706103811481
1434,7.842583543854257
1435,7.758233018834339
1436,8.435347600672365
1437,7.454367215646014
1438,7.5304647667880715
1439,6.626082475998512
1440,7.645914177871388
1441,7.426653588678461
1442,7.74098537881045
1443,6.675854566922503
1444,6.772682108807665
1445,6.731285065390875
1446,7.284173225275435
1447,8.292593473392063
1448,7.9648632297186115
1449,6.821363707724453
1450,7.592284630868011
1451,7.6057751038107035
1452,8.33346123841882
1453,7.058499401802846
1454,6.831820231111347
1455,7.123496719561862
1456,7.934270350381794
1457,6.599852696983682
1458,8.535744770839898
1459,6.764413444934693
1460,8.598857743219082
1461,7.618802007144376
1462,7.290713880956339
1463,7.5923100224530415
1464,8.065596626444773
1465,7.56578370565963
1466,7.715303970294846
1467,5.1557314720393705
1468,7.347379978209489
1469,8.034252744255163
1470,7.64851074528347
1471,5.332012300309511
1472,7.429181085079183
1473,7.41059329590589
1474,7.797548999410871
1475,7.18183809481862
1476,7.446301549400797
1477,7.087517990965962
1478,4.591851174749097
1479,6.568863467680032
1480,7.4447068981027265
1481,7.944825837670967
1482,7.272675676390181
1483,7.123518057888425
1484,7.904733829657193
1485,8.227886443085572
1486,7.482385276928078
1487,6.986469947762004
1488,7.6445843633922586
1489,6.940349674932541
1490,6.600498928108278
1491,6.619817494935809
1492,7.814275355584792
1493,6.7576931994302
1494,7.04822823879797
1495,8.468713873642912
1496,7.105930446320144
1497,8.170236660715114
1498,7.016551514299358
1499,5.598423433248346
1500,4.919126024736796
1501,7.565804103474509
1502,5.131447125814896
1503,7.46042444889347
1504,6.907693956603216
1505,5.26257871648021
1506,7.081106163635043
1507,7.752863680851709
1508,7.809825146121787
1509,6.698718423924895
1510,7.858643994837504
1511,7.711917631769257
1512,7.725005299637008
1513,7.393927362290983
1514,7.953523466641803
1515,8.507717352783233
1516,6.847025571904833
1517,7.796596125835741
1518,7.323289762258538
1519,8.327738448685203
1520,7.108198636622944
1521,7.032720345642817
1522,7.938796944900378
1523,8.405382331609825
1524,7.710093292928905
1525,7.516830281662681
1526,8.153782622478815
1527,7.744886792511169
1528,7.283452670515979
1529,7.319943565933093
1530,8.120949269144436
1531,5.715318163836628
1532,7.19347665817827
1533,8.234597791718384
1534,7.921430691407096
1535,7.2550316801097825
1536,8.217331343150931
1537,8.68960472479289
1538,6.6251431249438895
1539,7.716773223453668
1540,8.752156618868698
1541,6.518811768921701
1542,8.28117912009337
1543,6.998382582327871
1544,8.428466856309907
1545,8.365461283740265
1546,8.13061931125215
1547,7.764267545830631
1548,7.097856803680854
1549,6.878628658753467
1550,5.913622734592307
1551,7.081264278127641
1552,8.134099241107345
1553,7.760976191216738
1554,7.065201923937025
1555,5.0869780398483915
1556,8.359926713329045
1557,8.556699507062994
1558,7.916655023199668
1559,4.767652128380465
1560,7.558368964506762
1561,7.852692373958012
1562,6.681660099238131
1563,8.465048733789517
1564,6.906911005590333
1565,6.654185348015687
1566,6.5766562879721135
1567,6.160948471097244
1568,6.1490209413455545
1569,5.9761918850033275
1570,5.610277354777455
1571,6.663303007158834
1572,6.965244404953713
1573,7.536372575530377
1574,7.5172374451081705
1575,7.941633219841048
1576,8.234862114608823
1577,7.877603565151238
1578,7.273458541294211
1579,8.263863138683323
1580,7.1756689357343095
1581,5.826480926189772
1582,5.096178950127159
1583,7.990029084319165
1584,7.323111611379899
1585,8.189128296118083
1586,4.787960481495858
1587,8.297834615188746
1588,7.298721694287007
1589,7.232678518585859
1590,7.428047993941499
1591,7.360329265371448
1592,8.18581653058786
1593,8.377266146005727
1594,7.191152589820501
1595,5.21448960492086
1596,8.3736515392595
1597,7.937573919597693
1598,8.407689377520267
1599,6.165306106446144
1600,5.686755276432304
1601,6.794538950327016
1602,6.8898710958749145
1603,5.172987878626017
1604,5.571844139816015
1605,7.140347040437593
1606,6.67651266505122
1607,8.412181332452478
1608,7.769801555413542
1609,7.545387459796576
1610,9.01507382137758
1611,5.326762483249251
1612,7.729775388516057
1613,4.662666600046144
1614,7.784549168004615
1615,7.036798988818482
1616,6.967480781745021
1617,7.6169624139986
1618,7.633483782421278
1619,6.6944266283509055
1620,7.610300981626715
1621,8.24221694717988
1622,7.77825277791462
1623,5.526544515253537
1624,7.045209561689669
1625,7.675269498204708
1626,7.320943937339537
1627,5.55004174407207
1628,7.352896557298445
1629,8.106145014836082
1630,6.927997855524531
1631,7.193953388937125
1632,6.6951713685352185
1633,4.667154489993093
1634,6.6051539556857755
1635,7.817522242468987
1636,8.483018856069636
1637,6.68070116542936
1638,6.571444547594481
1639,7.2033214078493355
1640,5.337896209789887
1641,7.151276695712864
1642,4.853459410013423
1643,7.21838398544697
1644,7.775621590871516
1645,7.2097728280987585
1646,7.1275723882979225
1647,6.715830475865413
1648,7.151913698609112
1649,6.936710945169448
1650,6.656886766247361
1651,7.98667929574261
1652,8.366313962942922
1653,6.7053134123524405
1654,6.744988168072773
1655,7.616909355973746
1656,6.97565454227944
1657,5.621386283063877
1658,7.108398736060842
1659,7.222730827586018
1660,7.4860865941731305
1661,6.725934509440325
1662,7.19630729040553
1663,8.444862259435453
1664,7.782887716520955
1665,7.80804033374957
1666,6.724506096397304
1667,8.166029526739774
1668,7.278283181803822
1669,8.353555025818915
1670,7.6225722466974535
1671,7.027274643968992
1672,6.680817452025362
1673,7.277635468034417
1674,7.7179366148923805
1675,5.829749697971424
1676,8.441304647218605
1677,7.260527911150811
1678,8.418478858787571
1679,7.1783045298042385
1680,7.384176294023868
1681,7.0295916815348924
1682,6.683997370382997
1683,6.550115205828325
1684,7.323282623626527
1685,8.109404724398264
1686,8.292867848710747
1687,7.707588545632873
1688,7.211060417980361
1689,8.343906591003421
1690,5.569426814310855
1691,8.42134090993134
1692,6.614604966901254
1693,7.301480844401901
1694,7.4108637944949525
1695,8.444680204949291
1696,7.473601370213231
1697,7.2081311106833486
1698,7.853051343317098
1699,6.990211091540434
1700,6.879532432452994
1701,7.19500589323383
1702,8.426285330238526
1703,6.753954844158457
1704,5.678715686006548
1705,7.532675279509025
1706,8.082401787240775
1707,6.668321762644135
1708,5.775946941035114
1709,8.276868770263484
1710,6.936674045323599
1711,6.490544999771366
1712,7.658656780194514
1713,7.678087692515087
1714,5.735067170325735
1715,7.6972165345918935
1716,7.529616069637646
1717,7.31564519129414
1718,7.790092373237183
1719,7.774271625381093
1720,7.003528580435116
1721,6.606224853379194
1722,6.52326941036576
1723,7.262021917127715
1724,7.817952857458652
1725,7.885196972413452
1726,7.5231469994938625
1727,7.771855270134788
1728,7.803592714184793
1729,7.047257146005254
1730,7.879419334673894
1731,4.6724025546176335
1732,7.065977908627859
1733,8.338406236532437
1734,6.393611551160841
1735,4.759074839005672
1736,8.410942019010426
1737,7.094181490967772
1738,8.763579288601576
1739,7.49435760296409
1740,7.163257684736543
1741,8.16902293962503
1742,7.615097055459133
1743,6.536037760158228
1744,7.742748357099199
1745,6.290646135519053
1746,7.648632208308893
1747,7.195423634094148
1748,7.381999910520161
1749,6.0323264989528145
1750,7.617541071823219
1751,5.965061006502276
1752,6.942675746311529
1753,8.565477303664736
1754,5.64089153653973
1755,6.648518478938781
1756,7.645049969450673
1757,7.769581944420823
1758,7.646754848645623
1759,7.650885225364023
1760,6.4116284064726194
1761,5.856185119612187
1762,6.964782587456005
1763,6.770485180789926
1764,4.683636548719983
1765,6.797469327735348
1766,7.59716819908385
1767,7.247270297025095
1768,7.2179679455668175
1769,7.223907161220197
1770,6.757555744143303
1771,7.249579354743235
1772,7.783770463835442
1773,7.535274400180768
1774,7.6661384521234055
1775,7.019717227705334
1776,8.086554412013744
1777,8.492169725894408
1778,4.818069588555822
1779,7.416775699961027
1780,6.997999527478864
1781,8.741002650415181
1782,7.872748012304545
1783,7.858603017908342
1784,7.735549937854362
1785,7.4828643170309626
1786,7.8263121980109425
1787,6.696655995660045
1788,7.781888366214442
1789,8.506768619617912
1790,6.677768845132819
1791,7.902524153569081
1792,7.557156964496347
1793,7.09584506083411
1794,6.52670080078159
1795,7.55257332717728
1796,6.659269324160185
1797,7.860659455818755
1798,6.643896196161318
1799,6.7352366690454915
1800,8.257829487206168
1801,6.742895543941925
1802,7.7527996554368634
1803,7.605885957564716
1804,8.985161126912935
1805,5.846854231219973
1806,8.375609436100426
1807,7.766396486605448
1808,4.948724491242492
1809,7.18200656096881
1810,6.241505318021428
1811,7.319020738541841
1812,7.530258471804352
1813,6.381454134969095
1814,4.790987857190217
1815,7.402606068154
1816,5.080065897507442
1817,8.421806762832531
1818,8.157824792235315
1819,6.371095062475055
1820,7.161508381008659
1821,7.089665008763612
1822,7.3164661132362365
1823,6.925320838026693
1824,6.891363402577898
1825,7.495611323149017
1826,7.227228478449707
1827,8.28141390425048
1828,6.6787712160484904
1829,5.84317968775623
1830,8.785487094932051
1831,7.450511524050356
1832,7.929345025735969
1833,6.4891429409169845
1834,7.959614408204313
1835,7.045735883020134
1836,4.858374502727976
1837,7.151874749286465
1838,7.563125308685359
1839,7.9345155557839355
1840,8.394074487462966
1841,6.902070920231811
1842,7.645393419163899
1843,6.7916422604082385
1844,8.40529051231045
1845,7.115134030046207
1846,7.330876220386905
1847,6.881629383455685
1848,7.631257998187211
1849,7.241719816630065
1850,7.872070384212446
1851,7.344686796839296
1852,7.556341426009137
1853,7.153151835084426
1854,8.87759433668613
1855,7.61533583047102
1856,7.637393864512935
1857,8.354044426176559
1858,7.167054965276666
1859,5.943314141322658
1860,5.5476103778181525
1861,7.371459870852716
1862,4.711509581759323
1863,7.3374877537011844
1864,7.335145843296209
1865,7.867479530617519
1866,7.693165811400538
1867,5.402328624384797
1868,6.817480115245617
1869,7.269509510034595
1870,7.607098316795469
1871,7.675413154523545
1872,7.22112981201221
1873,7.044215504045264
1874,5.274366470404839
1875,7.520472926275955
1876,9.04178002871314
1877,7.67183763727053
1878,6.652956023513067
1879,7.52731523006336
1880,7.366307406331202
1881,7.570070964784266
1882,5.688779247940577
1883,7.828539578923122
1884,7.166679066648529
1885,6.917588520733055
1886,5.486726903811
1887,7.3016304439988975
1888,5.9123611376857035
1889,7.869925470946937
1890,5.361521799120236
1891,7.14393627983122
1892,8.450881295824761
1893,8.115493427773918
1894,7.254401945750825
1895,7.0724949299345745
1896,8.314915737039978
1897,7.615431518361719
1898,6.766095524149936
1899,6.543988660500283
1900,6.578240339229655
1901,8.227689788710132
1902,7.710500288859244
1903,7.801063942272565
1904,7.2179262939889295
1905,7.968021798009669
1906,8.227815615214688
1907,6.112321274339809
1908,8.225396448305192
1909,6.696514406696124
1910,8.224801423770236
1911,7.544498421475467
1912,7.367446196249693
1913,7.356129582084495
1914,7.764427549060141
1915,6.908829983612106
1916,7.003719686720059
1917,7.031721052439968
1918,6.983430707552142
1919,7.2151318265208015
1920,7.370424509402618
1921,8.144516700047054
1922,5.883834769327606
1923,7.363803805236419
1924,5.804329062054801
1925,6.669609466912462
1926,7.783759448986396
1927,7.642931290741414
1928,8.303361711646534
1929,7.273383248622832
1930,7.731173790669285
1931,9.04236614235699
1932,6.837760269293224
1933,5.325619844276533
1934,6.738268636359704
1935,7.249128982384757
1936,6.68241984523155
1937,8.29821920632118
1938,7.874102395384396
1939,7.288257460396238
1940,7.19153832543409
1941,8.82570693176453
1942,5.041374582746878
1943,8.430242405920815
1944,7.071109115955537
1945,6.678295219572327
1946,5.946556988419067
1947,7.894210879364556
1948,8.236462118048454
1949,7.324516784967594
1950,5.758339839874017
1951,7.016072157958803
1952,8.50173734064793
1953,8.153859771023612
1954,5.1528757596113675
1955,6.774352447380876
1956,7.737599736810301
1957,8.49052915240021
1958,7.253364571971181
1959,7.413872531652963
1960,7.171850037940082
1961,6.880496276776194
1962,8.20337210038278
1963,7.982626940848835
1964,7.056678019919518
1965,7.036878170733836
1966,7.805028101905778
1967,7.250968956118502
1968,8.110607894041953
1969,7.797839927644937
1970,4.602169335495088
1971,7.5552340988996285
1972,6.969591373090507
1973,7.249769797225138
1974,7.569188792836547
1975,7.863065422427647
1976,6.950832510272207
1977,8.221759234540524
1978,6.7068848710686915
1979,7.894222250588141
1980,8.032209272284073
1981,5.083103123273224
1982,8.277619510615247
1983,7.28402884820326
1984,7.524175445020074
1985,7.185061961774487
1986,7.501717276076727
1987,7.124633004758959
1988,7.189844870593994
1989,7.209356665109045
1990,8.143294047683057
1991,6.531088933865963
1992,7.114399483180881
1993,7.918978678845123
1994,8.167568851986946
1995,7.718998504060776
1996,8.28770188270433
1997,5.421357224189096
1998,6.643689049025589
1999,5.389012099113904
2000,8.523297776910674
2001,7.518355867321446
2002,8.42625839557932
2003,8.389793970343659
2004,7.861833027795846
2005,8.150941325576541
2006,7.859611461390891
2007,7.149104305898568
2008,6.519024008969531
2009,8.129565329296739
2010,8.466890312483121
2011,8.33407876718916
2012,6.883419091355272
2013,7.909431421439038
2014,6.728740889358358
2015,7.156659291335362
2016,6.7108297793757465
2017,5.395623651237791
2018,7.038744441016599
2019,7.744820981794238
2020,7.7351044076695725
2021,7.5611003860441865
2022,7.710519130607711
2023,7.861000147884143
2024,8.322170212267423
2025,7.020996637870308
2026,4.832588120908682
2027,7.680399510923555
2028,7.553534849343782
2029,8.209776368082602
2030,8.34865860064923
2031,5.8853842025862875
2032,5.416444894710915
2033,6.78870856696709
2034,7.060083796507509
2035,7.078457455117942
2036,7.487009351238356
2037,8.947347586416008
2038,7.896003331421152
2039,6.6541828494830675
2040,8.4171762616645
2041,8.143451450518857
2042,6.750796228530614
2043,8.286152527684244
2044,5.515895564030725
2045,7.951317533436782
2046,7.57239613901268
2047,7.974355977594014
2048,7.923575306716975
2049,6.5615552986722285
2050,6.549872887191986
2051,8.61689357533434
2052,7.160299347065557
2053,7.50322085267795
2054,7.157180707355234
2055,5.393635037806961
2056,7.687534609876547
2057,7.733934889344031
2058,7.209165982001444
2059,6.161344173689034
2060,8.508162918267965
2061,5.552052501416487
2062,7.957368950680355
2063,7.321408744605305
2064,5.209433363885783
2065,8.013615469337784
2066,8.169794670679996
2067,7.701311540091503
2068,7.906703849841129
2069,7.822055988171877
2070,7.875907688147144
2071,7.20080064246919
2072,7.273502696258017
2073,7.733351567460444
2074,7.210084653893537
2075,8.314822004707581
2076,7.567868537552309
2077,7.413150267455222
2078,7.405519535623554
2079,8.148719269084797
2080,7.69280727640616
2081,7.329530678299578
2082,7.062187720495071
2083,7.563120861782057
2084,7.8030367259198705
2085,7.676680270953977
2086,7.719022205990582
2087,8.030125124022645
2088,8.455314203727056
2089,7.428763064198321
2090,8.47265318406366
2091,4.7876318675651355
2092,7.057614431001223
2093,7.058048180852786
2094,6.970042130502062
2095,5.357726086194701
2096,7.345978484761416
2097,6.890321107007887
2098,6.979803957695882
2099,8.566818050895955
2100,8.03457009465076
2101,7.780084524617932
2102,7.926400837397884
2103,7.351307774366209
2104,6.468639746334976
2105,7.395758779581284
2106,7.035616338979803
2107,6.666993600152596
2108,5.552879410096253
2109,7.017081170288815
2110,7.941003562035508
2111,4.702711224378708
2112,6.784227336162122
2113,7.131257508246954
2114,8.396283765801103
2115,6.854243208293546
2116,6.689794393546512
2117,4.570663512579646
2118,8.298350343145257
2119,6.632737963205555
2120,7.066520891450182
2121,7.323500668965211
2122,6.570944432604108
2123,7.196899775443825
2124,7.862759126172273
2125,6.386841117530313
2126,8.496052390347112
2127,7.981147424744174
2128,8.46630415223579
2129,8.485197377163683
2130,7.464097857664026
2131,7.145367963049155
2132,8.526859118176631
2133,7.3358414248248
2134,7.118912444972267
2135,6.746774680554644
2136,6.62698561971834
2137,7.848025842936623
2138,7.584999964202433
2139,7.604215872845057
2140,7.168051812779929
2141,6.6828445886931895
2142,6.642946292061048
2143,7.645868632445907
2144,7.301341962650421
2145,8.499766478843101
2146,7.578865849775978
2147,8.36403923781804
2148,7.561042368187685
2149,7.915444572107377
2150,7.211033660970408
2151,6.87310121186119
2152,7.1960301592219995
2153,5.174632457278928
2154,7.9070619216048055
2155,8.10654936247157
2156,6.811483219142577
2157,7.035545564948594
2158,7.591070955993079
2159,7.406106020403719
2160,7.433195651633405
2161,7.383103292048064
2162,7.948971004320633
2163,6.759897168850214
2164,8.438283945891618
2165,7.35686118289963
2166,8.584855100350367
2167,6.665462892491863
2168,7.304515525044085
2169,6.743261214521159
2170,7.7010324891737465
2171,7.836305114657948
2172,7.279229714421183
2173,7.679890183538362
2174,7.117199952326455
2175,7.919146805642802
2176,8.390414996855686
2177,7.171154783932026
2178,8.270070661824569
2179,7.922931683034582
2180,7.022947979402449
2181,7.941705845399495
2182,7.5531203514467045
2183,7.394651009488555
2184,7.1588881523004115
2185,8.397122904357271
2186,7.329892102030767
2187,8.098965730094505
2188,7.064430764071348
2189,7.3482650939987
2190,6.950370836300664
2191,7.619197363064227
2192,6.777047126702984
2193,7.2182661188634345
2194,7.413559950143945
2195,5.6476777807402865
2196,7.632802555682433
2197,7.963158873561746
2198,6.881037638199947
2199,9.104669524121645
2200,8.111007788318663
2201,8.092690980684672
2202,8.84259752110125
2203,7.243094158817337
2204,7.657148166014094
2205,5.9779191021360045
2206,7.307604313018018
2207,5.90824577681715
2208,7.5783150063775775
2209,8.39760940954423
2210,7.16284813517256
2211,8.127571778273186
2212,7.297142231423345
2213,7.601666280522496
2214,7.232850074116923
2215,8.37803297756949
2216,5.961174403990324
2217,7.424323033822512
2218,7.707224461212576
2219,7.530178994178316
2220,7.2271693046405545
2221,7.380437494088701
2222,7.364376763493237
2223,8.265503134076196
2224,7.07103775402507
2225,8.378799424361475
2226,7.318902567148189
2227,6.686133501920899
2228,6.685276967045247
2229,7.609910526486578
2230,7.8720481989528075
2231,6.724547103688263
2232,7.625928123469297
2233,7.6667440338915025
2234,7.095972417641434
2235,6.6367391121227435
2236,5.866714048526299
2237,6.537153395392224
2238,5.807724463397282
2239,8.375982552675966
2240,4.581688442300287
2241,6.679602751977402
2242,4.938747618361463
2243,7.092940373859719
2244,7.864500529572414
2245,8.536877088686955
2246,8.521273817271092
2247,7.8832970896632855
2248,7.195875744050962
2249,6.628674943494259
2250,8.030127630107222
2251,6.321987903703347
2252,8.901983828770511
2253,7.748199804234703
2254,7.40174172081165
2255,7.413151539132901
2256,7.190492179557896
2257,7.6217902811903215
2258,7.73276091136095
2259,7.112082541266997
2260,7.082480631331888
2261,6.827056715891105
2262,6.109495764437737
2263,7.395069557920152
2264,7.6535623060866005
2265,7.783750069966249
2266,7.6124127486077064
2267,6.641932490200171
2268,7.710608687234005
2269,7.000146780825801
2270,4.91110365438381
2271,7.775468548879875
2272,7.358831738227918
2273,7.262736859779517
2274,5.9897389469805855
2275,8.152822663878657
2276,7.14198062728652
2277,7.205994319156954
2278,6.636939139934158
2279,8.364088221035606
2280,7.323090337480037
2281,8.124028472619976
2282,8.528209374421147
2283,7.316375003653912
2284,7.034203476479135
2285,5.216040661597882
2286,7.722960158392725
2287,7.561585065991322
2288,6.556915568214675
2289,5.435736341718739
2290,7.222483208301794
2291,6.643891231099728
2292,5.622243940189522
2293,5.895178169801982
2294,6.705347685106506
2295,7.569173155350093
2296,7.9358542526419384
2297,4.89979903843008
2298,7.0959222486407345
2299,7.273443547223376
2300,7.586859821836569
2301,7.109541922165079
2302,8.602904848337403
2303,7.1295805062460555
2304,8.26479691442701
2305,7.617235395502373
2306,8.064477361295678
2307,7.320553070154562
2308,6.735260397959468
2309,8.180654302014549
2310,7.878124326590193
2311,7.779050064183581
2312,7.563985454180907
2313,8.473685153598737
2314,7.367161831951961
2315,7.689680888078012
2316,7.80610967337444
2317,7.172154299213265
2318,7.046241314548668
2319,5.626366559476464
2320,8.284178793342656
2321,7.69086783172467
2322,7.598914610777324
2323,8.254875889741541
2324,7.165423422225164
2325,7.116960168830319
2326,6.684971303595766
2327,7.933170363363665
2328,7.551852032567277
2329,7.773932872046412
2330,8.924066043732438
2331,6.953536568174741
2332,8.198331038250409
2333,6.711228125656621
2334,6.8611926130666685
2335,7.038243817684053
2336,6.750431431826753
2337,5.730096958968593
2338,5.976159449653233
2339,7.3873346231160575
2340,7.893869794216052
2341,7.595248928570728
2342,7.102292407296634
2343,8.477702116448235
2344,6.390968798738484
2345,7.876546295659347
2346,6.150313154131039
2347,7.453420671532818
2348,8.30156629827505
2349,6.905976467127026
2350,8.088482485328182
2351,8.38799910553815
2352,8.283789507033827
2353,6.468974559005378
2354,6.166129143052217
2355,7.693236625938022
2356,7.521774553942661
2357,8.703606209328841
2358,7.250775910055593
2359,5.494722229884712
2360,6.573393622821682
2361,7.813404779827092
2362,7.689875400037652
2363,8.100743132421591
2364,7.80096947665135
2365,7.752939447443291
2366,5.416467559060074
2367,6.7191621194937134
2368,6.263646381432592
2369,7.213144846635103
2370,7.6761832127447125
2371,7.436860682255745
2372,5.853699707794787
2373,7.387792473445723
2374,7.596725607786031
2375,7.0805086059031535
2376,6.616212925819587
2377,8.264459740878918
2378,7.560657300246611
2379,7.31802679968815
2380,8.119836188756492
2381,8.448531534265541
2382,8.27089966064629
2383,7.537229717102653
2384,8.219316456022186
2385,6.600775979398879
2386,7.007143896054142
2387,6.795803320736772
2388,6.789772560580728
2389,7.656962659139202
2390,7.167417766485903
2391,5.670355141427404
2392,7.29920534698844
2393,7.204512328199799
2394,6.582300745302245
2395,7.1510673015746065
2396,7.508474554555635
2397,7.288215109443859
2398,6.7449572677553995
2399,7.121329879085822
2400,5.499019469370886
2401,5.478649042398295
2402,7.129260040432767
2403,7.396674211901313
2404,7.71075590902818
2405,5.064977288005929
2406,5.425742596015958
2407,6.823319912900187
2408,7.552957529893252
2409,7.916296060152744
2410,8.42328275050535
2411,8.491992943597563
2412,7.795082834066545
2413,8.123658098931982
2414,7.090506320015191
2415,7.1972788916741575
2416,7.491323937794634
2417,7.096320281615521
2418,6.9338628817557595
2419,6.54406496833877
2420,7.890814533882898
2421,7.43948312496968
2422,7.800264778171957
2423,7.177178450826377
2424,7.729824357859098
2425,8.01452950041946
2426,7.6525466483406674
2427,7.764504746254117
2428,6.843548277344777
2429,7.980052814476441
2430,7.861005755997418
2431,7.753241992185238
2432,6.746639974340921
2433,4.756781794853504
2434,7.689535391819973
2435,7.67871417464392
2436,8.5351837635516
2437,6.702843185671329
2438,7.241576025684491
2439,7.490655452159642
2440,7.1945314141946035
2441,7.5592239364045355
2442,7.190371099434662
2443,4.683146720685661
2444,7.804939276612048
2445,7.82941956336332
2446,6.5592859579920315
2447,6.56101180102805
2448,8.468961294857865
2449,7.12786409268875
2450,6.03307567862797
2451,7.201443549508367
2452,8.437807324133543
2453,7.537100073014436
2454,8.051446015352415
2455,5.667831137823832
2456,7.675857342111103
2457,7.2610814901281415
2458,7.043720459202975
2459,6.297438686796648
2460,7.238476725948706
2461,7.850046769034751
2462,7.819847768090954
2463,7.016678198266687
2464,7.176852217609801
2465,7.286998468437403
2466,7.820209951085664
2467,6.7903261197370615
2468,7.873677591987072
2469,6.914129716375708
2470,5.951320260965758
2471,7.710070767635031
2472,7.712774156535648
2473,8.383714685601507
2474,5.4795605711012225
2475,7.100275449370274
2476,7.120086527153212
2477,7.103925063941057
2478,7.9760523777328665
2479,7.371339579906103
2480,7.1805567692293835
2481,5.704538437979247
2482,6.750273472239643
2483,7.215043446475004
2484,7.176217660181127
2485,7.3485886956341595
2486,8.411296608906948
2487,4.766042370145659
2488,8.21017692212076
2489,8.380859837332476
2490,6.978587331567525
2491,5.771988195894771
2492,8.167924687345906
2493,7.188358827899497
2494,7.953107598212737
2495,7.233841523207781
2496,7.70408813671021
2497,7.8767543215606945
2498,7.61237128591662
2499,7.1785088642458135
2500,7.200151367568722
2501,7.355960870611156
2502,7.2177898560493965
2503,8.024796908250421
2504,7.36624423883792
2505,7.730718372298719
2506,7.955412172941937
2507,8.348734169738197
2508,7.195351144664555
2509,7.955384423991664
2510,6.105957304330133
2511,8.311352510650076
2512,8.33665542237664
2513,7.710908403492036
2514,7.282429045612769
2515,6.794970799257706
2516,7.5344772360417664
2517,6.656000130448611
2518,7.7378926704858735
2519,8.06711714958547
2520,7.227253669999634
2521,7.076703358197195
2522,7.05124671270055
2523,6.943383874255382
